customer_id,name,email,address,phone_number,registration_date
e3e70682-c209-4cac-a29f-6fbed82c07cd,David Dixon,thull@example.com,"242 Christine Glen
West Corey, CA 90152",278-215-6593x87784,2020-06-13
d3290a4c-b5d3-4b16-a619-4cb1d71037d1,Lori Salazar,john51@example.org,"PSC 3328, Box 7115
APO AP 64632",648-941-8583,2020-06-10
935ddd72-5129-4b7c-a288-e1a5cc457821,Clinton Underwood,salazardiane@example.com,"01868 Boyd Freeway
Lake Brittany, MT 76482",577-251-5917x953,2023-07-16
5f3f5638-3870-4a14-b490-b6081dfc8352,Faith Cabrera,loganmelissa@example.org,"13991 Davis Village
North Catherineborough, HI 94625",673-300-8691,2021-01-25
6fa231e9-59ac-4d98-8d12-5e7fa59cec98,Jonathan Williams,lyonspeter@example.com,"230 Megan Junctions Suite 197
North Thomas, MT 75095",445.564.2807x15084,2023-09-08
49b25ded-9c31-49b2-9a2b-745b7b59051b,Leslie Mcclain,jenniferhughes@example.com,"93523 Dana Lane
Johnsonshire, MT 87296",001-202-271-4278x789,2022-05-23
0cc36d8c-7786-4fe5-9675-ebf74fe30c9a,Sheri Burnett,amymccarty@example.org,"66503 Jennifer Alley
East Davidborough, VI 40139",721-376-1047x142,2024-03-20
0ad40415-04c1-4982-99ea-d9264745dd9e,Michael Grant,sheena09@example.net,"658 Jared Radial Suite 022
Mathewstad, VT 12783",390-904-2294x56824,2023-07-14
2df96747-4ed1-4553-8c5a-876fef0a81ed,Monica Turner,kevin11@example.net,"PSC 7551, Box 7176
APO AE 40072",822-696-1113x30601,2022-03-03
b6e355f6-95bb-440d-89cd-4af97d161f29,Jenny Richardson,brenda26@example.org,"087 David Locks
Jaredton, AS 28798",+1-421-837-6582x197,2023-02-01
7ed2ec2f-856f-4d95-a0ae-1a1b6c596216,Stacy Bass,mreid@example.net,"55508 Nancy Rapids
Port Nicholas, LA 94627",001-971-718-0132x040,2024-03-02
a7f5195c-de62-443f-a619-08b9ccf719ab,Jacob Reyes,berryerika@example.net,"634 Petersen Orchard
Lawsonbury, PR 03185",+1-802-248-9451x74466,2020-10-16
497e9f1a-3d2b-4042-a098-18d1ef7e85ec,Felicia Mcmahon,fbutler@example.net,"6097 Ellis Courts
Osbornetown, AZ 78921",+1-925-718-5367x109,2023-02-23
9f3dd894-b6af-48b2-aeba-42d0f8303249,Samuel Mullen,vlloyd@example.net,"Unit 1830 Box 6753
DPO AA 47235",+1-810-607-4089x9331,2024-07-28
90e639e1-e44f-43a9-ad0c-62c3254bf7ae,Bradley Garcia,garciakim@example.net,"USCGC Jordan
FPO AA 04450",554.715.1150x5520,2020-05-04
00d3d1af-353e-4c86-a4ae-ba79e4b82987,Michael Mays,adkinskelly@example.net,"27175 Anderson Fords
Matthewport, LA 73010",+1-552-791-1894x2622,2022-06-17
4a82e06a-2f16-4b50-813e-66af3c9590d3,Matthew Callahan,longjacqueline@example.org,"296 Walsh Corner Apt. 758
South Rickychester, VA 42531",435.947.1214x189,2024-06-28
6e84f8ea-6bf4-4047-8484-1a8d2f751bde,Tyler Peterson,michaelwelch@example.org,"0797 Jeffery Crescent
Amyberg, NE 93076",001-871-873-8640x14004,2022-02-24
488cac4e-5a94-44b8-80aa-ec7abf1df687,Megan Gonzalez,johnsonlaura@example.com,"321 Callahan Haven
New Alexandra, IL 70149",468-464-4759,2020-08-05
974fdedc-66b6-4087-a1a5-3fdd1eda4209,Justin Evans,nnewton@example.com,"0742 Williams Road Apt. 057
Onealtown, PR 69553",616-605-0190,2023-07-08
92a651d7-c069-4542-a403-97213a082921,Brian Murray,patrick56@example.net,"PSC 6272, Box 8523
APO AE 58713",(266)576-3373x906,2023-01-23
0e96ed9b-5d15-4e44-afcf-3b87defa7864,Megan Hall,cheyenne84@example.com,"886 Henry Squares
Lewisview, AZ 06242",5258040216,2022-09-12
56e9b78d-315e-4080-b425-f4e93891aef5,Lisa Miller,marcus75@example.com,"51385 Mary Glen
Larryfurt, KS 63688",(930)948-1077x706,2022-02-16
194665d3-3dbb-43af-94db-ad2215eae9d2,Brittany Henson,scottjones@example.com,"23732 Michael Island Suite 184
Lake Kenneth, NV 67876",+1-578-544-3019x126,2021-05-17
01a6009e-a8dc-4886-bf45-33febc6ff6ac,Kaylee Trevino,cruzjoseph@example.net,"843 Calvin Inlet
Jesusfort, LA 76792",(420)888-5590,2020-10-01
1392a255-fdc1-4930-82ae-752f2d4076bc,Daniel Herman,shudson@example.org,"65992 Lester Coves
New Caitlinfort, NH 40962",6384277851,2022-12-03
5100f186-d25a-4049-b0e9-be17b4134208,Janet Brown,edwardsjulie@example.org,"345 Kevin Knolls Apt. 250
Burtontown, IA 06394",9358105623,2020-09-08
542d19c0-a629-4332-ad4b-a5a44fdc1351,Rachel Ortiz,ortizjoseph@example.net,"91662 Vincent Road Apt. 153
East Sonya, AS 22631",001-682-716-9197x2990,2023-11-25
a032149d-06fa-4b60-a063-75b8bb937826,Amanda Davis,emily73@example.net,"4760 Moreno Heights Suite 089
Sarahton, NH 52282",001-716-857-0040x4943,2024-09-24
1db1dfdc-357f-4a64-8029-88fdf8cc3f3b,Erin Schmitt,brendacortez@example.net,"50909 Stephanie Lake
Conniemouth, NM 53409",+1-662-502-9072x507,2020-05-04
f3254f2d-4759-4b01-ac83-5975efa2ce12,Kendra Brown,bethanydavid@example.net,"4440 Osborne Viaduct Suite 488
Veronicaborough, VT 57084",(808)529-6570,2024-05-08
f0fcccc6-fb46-4d39-8772-c3475cba9be3,Cory Gomez,vsmith@example.org,"2619 Young Station
Shieldsville, ID 22060",216.964.4659x514,2020-01-20
65dcac6c-c329-470a-b3e9-e55e402492a3,Reginald Garrett,cterry@example.net,"450 Wells Pike
North Christopher, VI 46039",(401)631-8705x056,2021-12-19
6779de0d-25c1-4f67-987d-616d2462c274,Kayla Martin,reneethornton@example.net,"808 Herring Key
North Anitaview, ID 34706",744-387-2782x09280,2020-12-06
3d1cd68c-9c63-465b-b4e0-4bbbca8033a7,Kelly Mckinney,thomaspeters@example.net,"11695 Rogers Lane Suite 125
East Jessicatown, MA 80124",706.304.6092,2021-12-22
e6df12ce-9aa9-49f1-9adf-fd0470d22718,Dawn Collins,bgutierrez@example.com,"1511 Michael Fall
Gilberttown, MD 60332",+1-377-310-8640,2021-08-12
f7d870b6-78ac-4704-9936-5f61f484878d,Terry Garrett,susan06@example.com,"22395 Timothy Road
Williamsbury, SC 37407",423-253-2675x92690,2023-04-28
fff83cec-2c05-4870-8d34-bcd7b7ed75b4,Alexander Morris,johnsonkimberly@example.org,"60669 Dawson Dam
Williamside, MO 10075",(869)551-6637,2024-06-07
65a5ac1f-7b2e-4fc5-a530-11a23d7439ee,Andrea King,nicole58@example.org,"40956 Amanda Walk Apt. 260
Simonfurt, NE 14239",001-379-772-2576x294,2021-09-02
7901726f-c421-425a-9b8d-11baa0ec3e5a,Nicole Gonzalez,gregory95@example.com,"8606 Brooks Fords
Dennisville, RI 47288",(406)496-7116,2020-09-27
867a4ac9-079b-44e5-ba6e-8f122a1ace85,Johnny Yoder,jennifer51@example.com,"58582 Rollins Summit Suite 365
Fryhaven, ME 54253",(612)420-9981x39981,2021-10-26
1d8ac1a9-02af-4382-8938-ad77cb18d6a4,Ruth Castillo,lowemiguel@example.net,"28818 Anthony Row Apt. 869
South Jean, MO 35120",3928627906,2021-08-14
0a02da60-749d-4601-9f98-377981bd5336,Brian Whitaker,zpierce@example.com,"524 Stephen Cliff
Longchester, OH 12591",573-214-2512x029,2020-02-28
c15dfcfc-b325-442c-8eeb-3fd86783b0c3,Michelle Rodriguez,xhansen@example.com,"37443 Tyler Pass
Christopherport, OK 55851",656.823.4375,2022-12-18
66b48fc6-1e94-4b4b-874f-73cad4c667bb,Sean Perez,crystal56@example.com,"417 Martinez Drives Suite 325
Perezfurt, MS 61425",979.793.6847x35801,2021-11-27
f7b37a86-d21d-4c09-ba35-7442f325f875,Anthony Wise,mdavis@example.net,"50300 Nichols Curve
Port Cassandraborough, CO 97633",830.989.6182x336,2023-11-27
f9df7275-6199-4015-b5c9-599f6f9179cf,Lisa Adams,jane57@example.net,"1140 Christine Shoals
South Jamie, TN 42383",968.981.8171,2020-11-11
6a8d3e84-20fe-452b-96fe-23018c3af69e,Blake Wagner,shawnbell@example.com,"673 Allen Neck
Thomasmouth, LA 47683",+1-279-728-1348x1025,2024-03-17
e668bb6e-c408-443f-a90d-07e4ce1f4081,Michael Jenkins,garywilliams@example.com,"528 Hernandez Spurs
Nolanshire, IL 78890",503.979.5830x002,2024-03-24
af3cb9d0-a92c-4c3e-b957-f0829c272c51,Vincent Black,nicole57@example.net,"576 Branch Island Suite 123
Port Ericfurt, NH 93267",+1-835-500-6316,2023-01-24
22e9e671-ab34-4860-befd-320bf5efaa99,Susan Parker,millertara@example.com,"9541 Katrina Garden
New Michellehaven, MN 20604",641.397.4366x853,2020-03-18
9045a445-958c-460e-a07f-7f4750c6fa8c,Dr. Joseph Graham,bdaniel@example.org,"01630 Baker Crescent
Kellyborough, WA 71505",+1-605-788-0270,2020-08-31
9d0b6f5e-196d-462d-bec2-4805feeac13d,Tina Chang,ashley81@example.net,"351 Wendy Square
South James, UT 98188",252.345.8337x524,2023-03-12
b4d56ffc-df4a-418a-8ef0-ba9b53fd2516,Erica Miller,carterdanny@example.net,"857 Robert Place
Martinezshire, NH 42985",(343)764-0004,2021-07-14
49954cf1-faaf-400c-a74b-3d208c3fa29f,Michael Atkinson,jordanbrown@example.com,"5877 Rodney Extension
East Jasminfort, MS 04512",814.312.2705,2022-07-20
677abeb7-44bf-4434-881c-e3f97ff5101d,Michael Mcintosh,jennadickerson@example.com,"42284 Howard Way
Schaeferburgh, IA 99887",+1-529-223-8407,2021-12-29
3665b6a5-634d-4412-816a-5ea8618a4763,Joseph Garcia,patelrachel@example.org,"674 Dudley Shore
Scottland, MH 21173",001-933-400-8173,2022-11-25
03743263-4a06-49aa-827a-cd0de15093b0,Heather Howard,warren42@example.org,"657 Alexander Mountains
Sharonmouth, MI 84106",+1-666-496-8493x363,2022-06-19
c1afb76b-8473-4c88-98ec-dbc6cec7190b,Paula Hunter,qstark@example.com,"347 Andrew Ranch
Port Jonathantown, GU 28888",(492)659-4000,2024-08-27
7ff35029-d2bd-4b3b-a49e-c5033c737aea,Shannon Miller,scasey@example.org,"845 Monica Lights
West Jack, HI 65552",+1-329-898-6930x06902,2021-07-02
ed0c5245-a053-4c6c-aa87-13d2a20847d8,Chelsea Brown,lesliewhitney@example.net,"541 Brock Estate Apt. 848
Franklinchester, TN 21347",+1-662-319-1274x164,2023-01-27
cd43cfeb-8938-4b90-9341-45328252f723,Andrew Smith,pamelarussell@example.com,"216 Brandon Loop Apt. 096
New Jessica, ME 53807",(980)678-2823x9219,2021-04-18
024d65de-af44-4aeb-a734-162f362da540,Shannon Mills,walterdanielle@example.org,"50525 Christopher Fords
Shannonfort, NJ 70716",411.857.6687x86813,2024-01-04
e11a15c3-25ef-43a9-903a-65d582edc5ab,Christopher Cruz,beckalice@example.net,"9597 Hall Parkway Apt. 655
East Autumnfort, DE 48734",(793)680-8810x95052,2022-05-08
f26ce972-e1da-4dd8-aa09-7bb2c187715f,Robert Hammond,wnewton@example.net,"78264 Lewis Burg
Lutzburgh, RI 58392",595-669-2866x35643,2024-08-27
ed825ea8-dda9-402a-964f-bdde895585be,Terri Allen,claire25@example.org,"289 Patricia Mission Suite 329
Catherineland, ND 65608",246.248.3565,2020-12-05
29deb76a-d4ce-44b3-9a9a-56bc326ea68d,Judy King,haley65@example.net,"10524 Parker Mall Suite 531
Port Courtneyhaven, AK 87022",001-385-691-9300,2020-06-10
b5b46896-6432-4fe8-9ecc-ac5b968d4f41,Steven Dunlap,joshuamoore@example.org,"23474 Jessica Groves
North Derek, MP 87511",(523)290-5872x41949,2024-04-29
93d5e33b-bd86-4312-b506-9af5d2ebe96b,Jennifer Thomas,gordonstefanie@example.net,"734 Craig Overpass Suite 589
Jefferyside, MO 09083",(861)691-8272,2024-05-02
ca92720a-c2e8-4ae2-b1f0-e15089419b16,Barry Alexander,nicholas05@example.com,"289 Diana Inlet Suite 896
South James, CO 13289",+1-561-387-2033,2022-11-23
d41cc2bc-e335-4f8b-91d5-6acf680fe5e2,Kelly Robinson,leemichele@example.net,"989 Burke Way
Emilyfort, SC 83115",+1-405-553-0373x830,2022-03-12
d5ff7894-46ac-4201-9ab1-874e17668e8a,Jenna Rojas,natalie19@example.org,"913 Robert Garden Apt. 742
Jocelynberg, DE 67069",351-653-3486x66027,2023-01-17
d4814f7f-3022-48f1-86d6-c42427b22a70,Hannah Richards,nbaker@example.org,"USNS Alexander
FPO AP 56051",(904)579-1511,2022-07-08
aeff988b-b5ec-4796-9c5f-3db707b52a8b,Angelica Underwood,jacqueline62@example.org,"3032 Michelle Drives
North Daniel, CT 35829",+1-779-649-6012x705,2023-01-31
fbdc2233-05ad-48a9-a7d3-7bcc63f6ed2d,David Parsons,johnmills@example.com,"6988 Jennifer Stravenue
Bradshawport, CT 58848",+1-643-844-1527x0670,2022-04-07
847eabd3-be5c-4933-91a6-9f34d7cbd7ff,Ryan Adams,mzimmerman@example.com,"629 Adams Well Apt. 035
Jeanetteville, TN 04590",(745)893-5621x35772,2024-02-09
1b067b10-9586-4085-9d58-707768fe8666,Ms. Jodi Davis,ppena@example.com,"0492 Ramirez Crossing
Aaronberg, AL 12712",357-233-5974x82760,2020-07-08
8b763f63-4ffe-4196-b52d-6f27b98713be,Richard Oneal,gardnerkeith@example.org,"272 Steven Village
South Janet, OK 04073",+1-660-811-4163,2021-02-09
8f4b9bf7-8132-41c9-9836-9a99a5276546,Chelsea Bowman,chapmantara@example.net,"577 Cooper Trail Apt. 237
Dawnstad, NJ 82014",001-443-201-7823x695,2022-05-18
f4159113-cac4-49e6-b78d-028ce45e95b9,Holly Gonzalez,carlosbraun@example.net,"431 Johnson Neck Suite 039
Mariechester, NV 92770",241.801.5666x34768,2023-01-27
662a7671-276d-405c-bc30-634aac606a5d,Jessica Novak,terry54@example.com,"0677 Jones Forks
Jerrytown, RI 44915",(427)211-2903,2023-03-01
add7ae79-eb0f-4c21-a977-80d1fcd2f001,Jeffrey Roberts,icollins@example.org,"17444 Johnson Viaduct
Martinmouth, CA 08345",001-243-674-8361x60015,2021-06-29
0b08da95-9fee-499a-8878-f6db004cdaf0,Kirk Jackson,richardsandrew@example.net,"19131 Reynolds Crescent
Robbinsmouth, NY 95807",(281)525-6821,2020-06-15
e5782952-60cd-49db-bea0-eb70ca8b425c,Thomas Hoffman,pstout@example.net,"654 Wagner Brooks
North Douglasborough, SD 18438",(417)772-4420,2023-12-07
a1fee9cf-fc3f-4f9f-b33a-1d7152d1de24,Ricky Thomas,manuel19@example.net,"1468 Johnson Isle Apt. 606
Kimberlyburgh, PW 34833",6417560432,2024-06-25
1d0820e0-a249-41ff-8616-ba88d296e670,Curtis Bradley,russelllisa@example.net,"92526 Brandy Viaduct
North Dawn, WV 25335",487.999.5551x065,2024-03-16
bbda98aa-ae43-4b71-b8ec-fe833a614c6c,Renee Goodman,aduran@example.net,"766 Eric Meadow
Keyborough, KS 08780",001-829-704-2124x264,2022-08-09
1eb62178-76cf-44a2-bd90-d1f86ca1c7a8,Ethan King,nicholas80@example.com,"USNS Henderson
FPO AP 86501",001-960-906-8140x07685,2022-09-09
799335bc-e65c-4ee3-b415-9391bba9048a,Renee Fischer,jason61@example.org,"275 Dalton Drives Suite 475
Port Brady, NY 35078",(289)914-2822x1530,2022-04-12
23a83809-0cf0-4051-8606-ebc492dbfdc9,Kristine Hart,turnersamantha@example.com,"PSC 0511, Box 9144
APO AP 48380",(907)866-3164,2023-03-28
6de0f539-253a-474c-a074-02cae309b6b2,Pamela Fuller,josephpacheco@example.com,"5327 Janet Unions Apt. 721
Danielburgh, CO 87131",424-451-1655x45034,2024-02-07
3da104bc-f565-482a-b9a9-75ca28b671b8,Joseph Green,williamsjulie@example.com,"201 Crystal Village
Lawsonville, LA 11227",001-691-734-6287,2023-01-12
42c9e740-6757-4f74-8efa-d840a5946453,Cassandra Martin,lewisabigail@example.com,"158 Robles Hollow Suite 025
South Jeremy, IN 09044",(576)515-3152,2022-12-26
dc413314-7f1f-4654-a90a-a00650807f5e,William Gates,kim09@example.net,"3881 Gonzales Creek
South Alyssahaven, OH 80804",001-986-465-9535,2022-07-07
f9ad5202-06ab-4a91-983d-d24bbcd8d4e4,Renee Smith,phelpskathy@example.org,"310 Jessica Tunnel Suite 689
Paulaborough, MO 94836",5933907062,2022-10-19
e440aa7c-e953-41bf-ae62-8c9a211acf9e,Nicole Ware,apeterson@example.com,"478 Morales Isle Suite 403
Mullinsfurt, NE 97407",001-422-973-2931x4882,2020-08-02
f7f6b599-6f1c-4ff4-bf84-8dfcefd622d7,Ryan Brown,warnervirginia@example.net,"93551 Nicholas Crossroad
Ashleyhaven, IL 80092",399.579.4126,2024-07-19
b016ddda-ecb5-41ee-ad8c-f7e121583621,Ricky Nguyen,vbenitez@example.net,"0035 Wilkerson Unions
Sarashire, DE 43520",779-474-3605,2024-09-24
754c97c0-f19e-4ea9-86ad-61718f72b28c,Robert Garrett,jessicacooke@example.com,"164 Campbell Lodge Apt. 712
Markberg, NM 58786",4953260429,2022-01-14
73ec1e79-dd15-4d1d-830d-98eec1c30b57,Tammy May,rebeccaunderwood@example.com,"211 Daniel Neck Apt. 065
Michaelview, NV 68552",001-704-676-3708x9653,2023-11-16
